slug;description;valide
amidons-modifies-de-pomme-de-terre;"Les amidons modifiés de pomme de terre sont des amidons dont les propriétés ont été ajustées par traitement physique ou chimique (additifs E14xx) pour résister aux contraintes des procédés industriels : cuisson, acidité, cisaillement, congélation.

Ils apportent viscosité, onctuosité et stabilité dans le temps aux sauces, soupes, plats préparés et desserts lactés. Leur bonne tenue à la congélation-décongélation limite la synérèse (rejet d'eau) des produits surgelés, et ils structurent les garnitures de boulangerie et les produits de charcuterie ou d'analogues végétaux.

Distributeur exclusif d'Emsland Group en France, Adivec fournit les amidons modifiés de pomme de terre aux industriels de l'agroalimentaire. Conditionnement : sacs de 25 kg. Fiche technique et échantillon disponibles sur demande.";
amidons-modifies-de-pois;"Issus du pois jaune, les amidons modifiés de pois combinent l'origine végétale du pois et des performances technologiques adaptées aux procédés industriels (additifs E14xx). Ils constituent une alternative aux amidons de maïs ou de blé, sans allergène majeur.

Ils sont appréciés pour leur fort pouvoir gélifiant et la texture ferme et nette qu'ils donnent aux produits après refroidissement : analogues de viande et de fromage, sauces, plats cuisinés, desserts et produits de charcuterie. Ils supportent bien la cuisson et les traitements thermiques.

Distributeur exclusif d'Emsland Group en France, Adivec fournit les amidons modifiés de pois aux industriels de l'agroalimentaire. Conditionnement : sacs de 25 kg. Fiche technique et échantillon disponibles sur demande.";
amidons-modifies-de-mais;"Les amidons modifiés de maïs sont les amidons techniques les plus répandus de l'industrie agroalimentaire (additifs E14xx). Leur modification améliore leur stabilité à la chaleur, à l'acidité et au cisaillement par rapport à l'amidon natif.

Ils épaississent et stabilisent sauces, soupes, plats préparés, garnitures et desserts lactés, et contribuent à la tenue des produits de boulangerie, de charcuterie et de snacking. Différentes références permettent d'ajuster la viscosité et la texture finale selon le procédé (cuisson, stérilisation, congélation).

Adivec fournit les amidons modifiés de maïs aux industriels de l'agroalimentaire. Conditionnement : sacs de 25 kg. Fiche technique et échantillon disponibles sur demande.";
maltodextrine-dextrine;"Les maltodextrines et dextrines sont obtenues par hydrolyse partielle de l'amidon. Poudres blanches au goût neutre et très solubles, elles sont considérées comme des ingrédients et non comme des additifs.

Elles servent d'agent de charge, de support d'arômes et d'aide au séchage par atomisation, et apportent du corps ou de la matière sèche sans sucrer fortement. On les retrouve dans les boissons en poudre, la nutrition (nutraceutique), les produits laitiers, la confiserie, les soupes et sauces déshydratées ainsi que dans les formulations clean label.

Distributeur exclusif d'Emsland Group en France, Adivec fournit la maltodextrine / dextrine aux industriels de l'agroalimentaire. Conditionnement : sacs de 25 kg. Fiche technique et échantillon disponibles sur demande.";
amidons-modifies-de-pomme-de-terre-cireuse;"Les amidons modifiés de pomme de terre cireuse sont issus de variétés de pomme de terre dont l'amidon est composé quasi exclusivement d'amylopectine. Cette particularité leur donne une très grande stabilité, encore renforcée par la modification (additifs E14xx).

Ils offrent une texture lisse et crémeuse, une excellente stabilité au froid et à la congélation, et ne rétrogradent pratiquement pas : les sauces, desserts, garnitures et plats préparés conservent leur aspect et leur onctuosité pendant toute leur durée de vie.

Distributeur exclusif d'Emsland Group en France, Adivec fournit les amidons modifiés de pomme de terre cireuse aux industriels de l'agroalimentaire. Conditionnement : sacs de 25 kg. Fiche technique et échantillon disponibles sur demande.";
amidons-modifies-de-pomme-de-terre-clean-label;"Les amidons de pomme de terre Clean Label sont des amidons fonctionnalisés par procédé physique, sans modification chimique. Ils se déclarent simplement « amidon » dans la liste d'ingrédients, tout en offrant des performances proches de celles des amidons modifiés.

Ils permettent de reformuler sans additif E14xx les sauces, soupes, plats préparés, produits laitiers, garnitures de boulangerie, analogues de fromage et produits carnés, en conservant la viscosité, la stabilité à la cuisson et la tenue à la congélation attendues.

Distributeur exclusif d'Emsland Group en France, Adivec fournit les amidons de pomme de terre Clean Label aux industriels de l'agroalimentaire. Conditionnement : sacs de 25 kg. Fiche technique et échantillon disponibles sur demande.";
amidons-modifies-de-pois-clean-label;"Les amidons de pois Clean Label sont obtenus par traitement physique de l'amidon de pois jaune, sans modification chimique. Ils s'étiquettent comme « amidon de pois » et répondent à la demande d'étiquettes courtes et d'ingrédients d'origine végétale.

Ils apportent texture et stabilité aux analogues de fromage et de viande, aux sauces, plats cuisinés, desserts et produits carnés. Associés aux protéines de pois, ils permettent de formuler des alternatives végétales au fondant et au filant recherchés.

Distributeur exclusif d'Emsland Group en France, Adivec fournit les amidons de pois Clean Label aux industriels de l'agroalimentaire. Fiche technique et échantillon disponibles sur demande.";
amidon-natif-de-pomme-de-terre;"L'amidon natif de pomme de terre (fécule) est extrait de la pomme de terre par simple procédé physique : lavage, râpage, séparation et séchage. Il se déclare comme « amidon » ou « fécule de pomme de terre », sans numéro E.

Il se distingue par une forte viscosité, un empesage à température relativement basse et un goût neutre. Il épaissit sauces et soupes, lie les produits de charcuterie, allège les pâtes de boulangerie et de biscuiterie et entre dans de nombreuses recettes clean label.

Distributeur exclusif d'Emsland Group en France, Adivec fournit l'amidon natif de pomme de terre aux industriels de l'agroalimentaire. Conditionnement : sacs de 25 kg, big bags de 1 000 kg. Fiche technique et échantillon disponibles sur demande.";
amidon-natif-de-ble;"L'amidon natif de blé est extrait du grain de blé lors de la séparation de l'amidon et du gluten. Ingrédient non modifié, il se déclare simplement comme « amidon de blé ».

En alimentation, il sert d'agent de texture et de liant en boulangerie, pâtisserie, plats préparés, soupes, sauces et snacking. Dans l'industrie, il est utilisé dans la fabrication des colles et adhésifs ainsi que des papiers et cartons. Il contient des traces de gluten à signaler sur l'étiquetage.

Adivec fournit l'amidon natif de blé, en partenariat avec Jackering, aux industriels de l'agroalimentaire et de l'industrie. Conditionnement : sacs de 25 kg, vrac jusqu'à 25 t. Fiche technique et échantillon disponibles sur demande.";
amidon-natif-de-pois;"L'amidon natif de pois est extrait du pois jaune par voie physique, en coproduit de la protéine et de la fibre de pois. Il s'étiquette « amidon de pois » et ne relève d'aucun allergène majeur.

Riche en amylose, il forme des gels fermes et nets après refroidissement. Il est particulièrement adapté aux vermicelles et nouilles, aux analogues de viande et de fromage, aux sauces, plats préparés et produits carnés, ainsi qu'aux formulations clean label.

Distributeur exclusif d'Emsland Group en France, Adivec fournit l'amidon natif de pois aux industriels de l'agroalimentaire. Conditionnement : sacs de 25 kg, big bags de 1 000 kg. Fiche technique et échantillon disponibles sur demande.";
amidon-natif-de-pomme-de-terre-cireuse;"L'amidon natif de pomme de terre cireuse provient de variétés de pomme de terre dont l'amidon est composé presque uniquement d'amylopectine. Non modifié, il se déclare simplement comme « amidon ».

Cette composition lui confère une stabilité au froid et une résistance à la rétrogradation proches de celles d'amidons modifiés : c'est une solution clean label pour les sauces, desserts, garnitures, plats préparés et produits de boulangerie qui doivent garder leur texture dans le temps.

Distributeur exclusif d'Emsland Group en France, Adivec fournit l'amidon natif de pomme de terre cireuse aux industriels de l'agroalimentaire. Conditionnement : sacs de 20 kg, sacs de 25 kg. Fiche technique et échantillon disponibles sur demande.";
amidon-natif-de-mais;"L'amidon natif de maïs (fécule de maïs) est extrait du grain de maïs par voie humide. C'est l'amidon le plus utilisé au monde, apprécié pour son goût neutre et sa polyvalence.

Il épaissit les sauces, crèmes et desserts, structure les biscuits et gâteaux, et sert d'agent d'enrobage ou anti-agglomérant. Il entre dans les produits laitiers, plats préparés, produits carnés, analogues végétaux et snacks, avec un étiquetage simple, sans numéro E.

Adivec fournit l'amidon natif de maïs aux industriels de l'agroalimentaire. Conditionnement : sacs de 25 kg. Fiche technique et échantillon disponibles sur demande.";
cire-d-abeille;"La cire d'abeille (E901) est une cire naturelle sécrétée par les abeilles pour construire les rayons de la ruche, puis purifiée. Elle est disponible en qualité blanche ou jaune.

En alimentation, elle est utilisée comme agent d'enrobage et de brillance pour la confiserie, la pâtisserie et certains compléments alimentaires. Dans l'industrie, elle entre dans les cosmétiques (baumes, rouges à lèvres, crèmes), les cires et encaustiques pour le bois, les colles, peintures et encres.

Adivec fournit la cire d'abeille aux industriels de l'agroalimentaire et de l'industrie. Conditionnement : cartons de 20 kg. Fiche technique et échantillon disponibles sur demande.";
cire-de-candelilla;"La cire de candelilla (E902) est extraite des tiges d'un arbuste du nord du Mexique, Euphorbia antisyphilitica. C'est une cire végétale dure, à point de fusion élevé, alternative végétale à la cire d'abeille.

Elle sert d'agent d'enrobage et de brillance en confiserie et pâtisserie. Dans l'industrie, elle structure les sticks et baumes cosmétiques, entre dans les encres, peintures et colles, et dans le traitement de surface des papiers et cartons.

Adivec fournit la cire de candelilla aux industriels de l'agroalimentaire et de l'industrie. Conditionnement : sacs de 20 kg, sacs de 25 kg. Fiche technique et échantillon disponibles sur demande.";
cire-de-carnauba;"La cire de carnauba (E903) est récoltée sur les feuilles d'un palmier du Brésil, Copernicia prunifera. C'est la plus dure des cires naturelles, avec le point de fusion le plus élevé.

En confiserie et pâtisserie, elle donne aux dragées, chocolats et fruits enrobés une brillance durable et évite qu'ils ne collent. Dans l'industrie, elle est utilisée dans les cosmétiques, les cires pour le bois et les sols, les peintures et encres, le textile et le bâtiment.

Adivec fournit la cire de carnauba aux industriels de l'agroalimentaire et de l'industrie. Conditionnement : sacs de 25 kg. Fiche technique et échantillon disponibles sur demande.";
shellac-gomme-laque;"Le shellac, ou gomme-laque (E904), est une résine naturelle sécrétée par la cochenille Kerria lacca sur certains arbres d'Inde et d'Asie du Sud-Est, puis purifiée.

En confiserie, il est utilisé comme agent d'enrobage et de glaçage pour apporter brillance et protection contre l'humidité aux dragées, chocolats et bonbons. Il forme un film fin, dur et brillant.

Adivec fournit le shellac (gomme-laque) aux industriels de l'agroalimentaire. Conditionnement : sacs de 25 kg. Fiche technique et échantillon disponibles sur demande.";
curcuma;"Le colorant curcuma est extrait du rhizome de Curcuma longa. Son principe colorant, la curcumine (E100), donne des teintes allant du jaune citron au jaune orangé.

Il colore les sauces, soupes, plats préparés, produits laitiers, confiseries, produits carnés et compléments alimentaires. Les formulations proposées (poudres, liquides hydrodispersibles ou liposolubles) sont choisies selon la matrice et le procédé pour garantir une couleur homogène et stable.

Adivec fournit le curcuma, en partenariat avec Cyber Colors, aux industriels de l'agroalimentaire. Fiche technique et échantillon disponibles sur demande.";
carmin;"Le carmin (E120) est un colorant rouge naturel obtenu à partir de la cochenille Dactylopius coccus. Il offre une teinte rouge à rose intense, très stable à la chaleur et à la lumière.

Il est utilisé dans les produits carnés et de charcuterie, les produits laitiers, la confiserie, les boissons, la pâtisserie et les plats préparés lorsque la stabilité de couleur est prioritaire. D'origine animale, il ne convient pas aux recettes végétariennes ou véganes.

Adivec fournit le carmin, en partenariat avec Cyber Colors, aux industriels de l'agroalimentaire. Fiche technique et échantillon disponibles sur demande.";
chlorophylle;"La chlorophylle (E140) et ses complexes cuivriques (E141) sont des colorants verts extraits de végétaux comme la luzerne, l'ortie ou les épinards. Les complexes cuivriques offrent une meilleure stabilité de teinte.

Ils colorent en vert les confiseries, boissons, produits laitiers et préparations aromatisées à la menthe, à la pistache ou aux herbes. Le choix entre chlorophylle et chlorophylline cuivrique dépend de la matrice et de l'exposition à la lumière et au pH.

Adivec fournit la chlorophylle, en partenariat avec Cyber Colors, aux industriels de l'agroalimentaire. Fiche technique et échantillon disponibles sur demande.";
carotene;"Les caroténoïdes (E160a) sont des pigments naturels présents notamment dans la carotte, le palmier à huile, certaines algues ou issus de fermentation. Ils apportent des teintes du jaune à l'orangé.

Ils colorent boissons, produits laitiers, margarines, confiseries, pâtisseries, sauces, soupes et compléments alimentaires. Liposolubles par nature, ils existent aussi en formes hydrodispersibles pour les boissons et matrices aqueuses.

Adivec fournit le carotène, en partenariat avec Cyber Colors, aux industriels de l'agroalimentaire. Fiche technique et échantillon disponibles sur demande.";
roucou;"Le roucou (E160b) est extrait des graines de l'arbuste tropical Bixa orellana. Ses pigments, la bixine et la norbixine, donnent des teintes jaune orangé à orange.

C'est le colorant traditionnel de nombreux fromages (mimolette, cheddar…) ; il colore aussi les analogues de fromage et de viande, les produits de boulangerie et de pâtisserie, la confiserie, les plats préparés et les produits carnés.

Adivec fournit le roucou, en partenariat avec Cyber Colors, aux industriels de l'agroalimentaire. Fiche technique et échantillon disponibles sur demande.";
paprika;"L'extrait de paprika (E160c) est obtenu à partir du piment doux Capsicum annuum. Ses caroténoïdes (capsanthine, capsorubine) apportent des teintes orangées à rouge orangé.

Il colore les produits carnés et de charcuterie, les analogues végétaux, les sauces, plats préparés, snacks, produits de boulangerie, produits laitiers et confiseries. Il est proposé sous forme liposoluble ou hydrodispersible selon l'application.

Adivec fournit le paprika, en partenariat avec Cyber Colors, aux industriels de l'agroalimentaire. Fiche technique et échantillon disponibles sur demande.";
luteine;"La lutéine (E161b) est un caroténoïde jaune extrait principalement des pétales de souci (Tagetes erecta). Elle offre une teinte jaune franche, de l'ivoire au jaune d'œuf.

Elle colore les boissons, produits laitiers, confiseries, pâtisseries, sauces, soupes, plats préparés et analogues végétaux. Également connue pour son intérêt nutritionnel, elle entre dans la formulation de compléments alimentaires.

Adivec fournit la lutéine, en partenariat avec Cyber Colors, aux industriels de l'agroalimentaire. Fiche technique et échantillon disponibles sur demande.";
betterave;"Le rouge de betterave (E162) est extrait de la betterave rouge. Son pigment principal, la bétanine, donne des teintes rose à rouge framboise.

Il convient aux produits peu chauffés et à durée de vie réfrigérée : produits laitiers, desserts, confiseries, boissons, analogues de viande et produits carnés. Il est souvent choisi pour remplacer le carmin dans les recettes végétariennes.

Adivec fournit le colorant de betterave, en partenariat avec Cyber Colors, aux industriels de l'agroalimentaire. Fiche technique et échantillon disponibles sur demande.";
anthocyane;"Les anthocyanes (E163) sont des pigments naturels extraits de fruits et légumes comme le raisin, la carotte noire, le chou rouge ou la patate douce violette. Leur couleur évolue avec le pH, du rouge en milieu acide au violet ou bleu en milieu neutre.

Elles colorent boissons, confiseries, produits laitiers, desserts, pâtisseries et plats préparés. La source et la formulation sont choisies en fonction du pH du produit pour obtenir la teinte souhaitée.

Adivec fournit les anthocyanes, en partenariat avec Cyber Colors, aux industriels de l'agroalimentaire. Fiche technique et échantillon disponibles sur demande.";
charbon-vegetal;"Le charbon végétal médicinal (E153) est obtenu par carbonisation de matières végétales. C'est le colorant naturel de référence pour obtenir des teintes grises à noires intenses.

Il est utilisé en boulangerie (pains et viennoiseries noirs), en pâtisserie et en confiserie, ainsi que pour des décors et enrobages. Il est très stable à la chaleur, à la lumière et au pH.

Adivec fournit le charbon végétal, en partenariat avec Cyber Colors, aux industriels de l'agroalimentaire. Fiche technique et échantillon disponibles sur demande.";
caramel;"Les colorants caramel (E150a à E150d) sont obtenus par chauffage contrôlé de sucres. Ils apportent des teintes allant du jaune doré au brun très foncé.

Ils colorent les produits de boulangerie et de pâtisserie, la confiserie, les produits laitiers, les boissons et les sauces. Les différentes classes de caramel sont choisies selon la matrice, le pH et l'intensité recherchée.

Adivec fournit le caramel colorant, en partenariat avec Cyber Colors, aux industriels de l'agroalimentaire. Fiche technique et échantillon disponibles sur demande.";
carotene-blanc;"Le carotène blanc est un ingrédient d'origine naturelle utilisé pour apporter blancheur et opacité aux préparations, en alternative aux agents blanchissants de synthèse.

Il s'utilise dans les boissons, les produits laitiers, les confiseries, les sauces et soupes ainsi que dans les analogues de fromage, pour obtenir un aspect laiteux et homogène.

Adivec fournit le carotène blanc, en partenariat avec Cyber Colors, aux industriels de l'agroalimentaire. Fiche technique et échantillon disponibles sur demande.";
lecithines-de-soja;"Les lécithines de soja (E322) sont des émulsifiants naturels extraits de l'huile de soja lors de son raffinage. Elles sont composées de phospholipides et proposées sous forme liquide ou en poudre.

Elles stabilisent les mélanges eau-matière grasse et améliorent la fluidité : chocolat et confiserie, boulangerie et viennoiserie (pâtes plus faciles à travailler), margarines, produits laitiers, plats préparés et compléments alimentaires. Elles servent aussi d'agent démoulant et anti-adhérent.

Adivec fournit les lécithines de soja aux industriels de l'agroalimentaire. Conditionnement : IBC de 1 000 kg, fûts de 200 kg, cartons de 20 kg. Fiche technique et échantillon disponibles sur demande.";
lecithines-de-colza;"Les lécithines de colza (E322) sont des émulsifiants naturels extraits de l'huile de colza. Elles constituent une alternative aux lécithines de soja, sans allergène soja à déclarer.

Elles s'utilisent dans les mêmes applications : chocolat et confiserie, boulangerie et viennoiserie, produits laitiers, plats préparés et compléments alimentaires, pour stabiliser les émulsions et améliorer la texture et la mise en œuvre.

Adivec fournit les lécithines de colza aux industriels de l'agroalimentaire. Conditionnement : IBC de 1 000 kg, fûts de 200 kg, cartons de 20 kg. Fiche technique et échantillon disponibles sur demande.";
lecithines-de-tournesol;"Les lécithines de tournesol (E322) sont extraites de l'huile de tournesol. Sans allergène majeur et naturellement non OGM, elles remplacent la lécithine de soja dans les recettes à étiquetage simplifié.

Elles émulsionnent et stabilisent le chocolat, la confiserie, les pâtes de boulangerie et viennoiserie, les produits laitiers, les plats préparés et les compléments alimentaires, et facilitent le démoulage.

Adivec fournit les lécithines de tournesol aux industriels de l'agroalimentaire. Conditionnement : IBC de 1 000 kg, fûts de 200 kg. Fiche technique et échantillon disponibles sur demande.";
menthol;"Le menthol est le composé aromatique principal de la menthe. Il se présente sous forme de cristaux et procure une sensation de fraîcheur caractéristique.

Il est utilisé en confiserie (bonbons, chewing-gums, pastilles) et dans les boissons pour son effet rafraîchissant et son arôme mentholé, à très faible dose.

Adivec fournit le menthol aux industriels de l'agroalimentaire. Conditionnement : fûts de 25 kg. Fiche technique et échantillon disponibles sur demande.";
reglisse;"La réglisse est issue de la racine de Glycyrrhiza glabra. Elle doit son goût caractéristique et son pouvoir sucrant élevé à la glycyrrhizine.

Elle est utilisée en confiserie (bâtons, pastilles, bonbons), sous forme d'extrait ou de poudre, pour aromatiser et sucrer. Sa teneur en glycyrrhizine impose des mentions d'étiquetage au-delà de certains seuils.

Adivec fournit la réglisse aux industriels de l'agroalimentaire. Conditionnement : sacs de 25 kg. Fiche technique et échantillon disponibles sur demande.";
fibre-de-pomme-de-terre;"La fibre de pomme de terre est obtenue à partir de la pulpe de pomme de terre après extraction de l'amidon. Riche en fibres alimentaires, elle présente un très fort pouvoir de rétention d'eau.

En alimentation, elle améliore le rendement et la jutosité des produits carnés et des analogues végétaux, stabilise sauces et plats préparés, et enrichit en fibres les produits de boulangerie dans une logique clean label. En technique, elle sert d'absorbant biosourcé et d'additif dans les matériaux de construction.

Distributeur exclusif d'Emsland Group en France, Adivec fournit la fibre de pomme de terre aux industriels de l'agroalimentaire et de l'industrie. Conditionnement : sacs de 15 kg, big bags de 500 kg. Fiche technique et échantillon disponibles sur demande.";
fibre-de-pois;"La fibre de pois est extraite du pois jaune, coproduit de l'amidon et de la protéine de pois. Ingrédient végétal sans allergène majeur, elle présente une forte capacité de rétention d'eau et de matière grasse.

Elle enrichit en fibres les produits de boulangerie et de nutrition, améliore la texture et le rendement des produits carnés, des analogues de viande et des plats préparés, et contribue à la réduction de la matière grasse dans des recettes clean label.

Distributeur exclusif d'Emsland Group en France, Adivec fournit la fibre de pois aux industriels de l'agroalimentaire. Conditionnement : sacs de 20 kg, sacs de 25 kg. Fiche technique et échantillon disponibles sur demande.";
fibre-de-psyllium;"La fibre de psyllium provient du tégument des graines de Plantago ovata. Très riche en fibres solubles (mucilages), elle forme au contact de l'eau un gel visqueux.

Elle est utilisée comme liant et agent de texture dans les pains sans gluten, les produits de boulangerie, les analogues de viande et de fromage, les sauces et plats préparés, ainsi qu'en nutrition pour l'enrichissement en fibres.

Adivec fournit la fibre de psyllium aux industriels de l'agroalimentaire. Conditionnement : sacs de 25 kg. Fiche technique et échantillon disponibles sur demande.";
alginate-de-sodium;"L'alginate de sodium (E401) est extrait d'algues brunes. Soluble dans l'eau froide, il épaissit les préparations et forme des gels instantanés et thermostables en présence de calcium.

Il est utilisé pour les garnitures de pâtisserie résistantes à la cuisson, les sauces et plats préparés, les produits restructurés (viande, poisson, fruits) et les techniques de sphérification. Le gel obtenu ne fond pas à la chaleur.

Adivec fournit l'alginate de sodium aux industriels de l'agroalimentaire. Conditionnement : sacs de 25 kg. Fiche technique et échantillon disponibles sur demande.";
agar-agar;"L'agar-agar (E406) est un gélifiant extrait d'algues rouges. Il forme des gels fermes à très faible dose, qui ne fondent qu'à haute température.

Il remplace la gélatine animale dans les recettes végétales : desserts lactés, nappages et fourrages de pâtisserie, confiseries gélifiées, préparations de fruits et compléments alimentaires. Sa tenue à la chaleur permet des décors et garnitures stables en vitrine.

Adivec fournit l'agar-agar aux industriels de l'agroalimentaire. Conditionnement : sacs de 25 kg. Fiche technique et échantillon disponibles sur demande.";
carraghenane;"Les carraghénanes (E407) sont des hydrocolloïdes extraits d'algues rouges. Selon leur type (kappa, iota, lambda), ils forment des gels fermes, élastiques ou des solutions épaisses.

Ils interagissent avec les protéines du lait, ce qui en fait un ingrédient clé des desserts lactés, crèmes et laits aromatisés. En charcuterie, ils améliorent la rétention d'eau, le rendement et la tranchabilité des jambons et produits saumurés.

Adivec fournit le carraghénane aux industriels de l'agroalimentaire. Conditionnement : sacs de 25 kg. Fiche technique et échantillon disponibles sur demande.";
farine-de-graines-de-caroube;"La farine de graines de caroube (E410) est obtenue par broyage de l'endosperme des graines du caroubier, arbre méditerranéen. C'est un épaississant de la famille des galactomannanes.

Elle épaissit et stabilise les crèmes glacées, desserts lactés, sauces et garnitures, et renforce l'élasticité des gels en synergie avec le xanthane ou le carraghénane. Elle est aussi utilisée en pâtisserie, confiserie et nutrition.

Adivec fournit la farine de graines de caroube aux industriels de l'agroalimentaire. Conditionnement : sacs de 25 kg. Fiche technique et échantillon disponibles sur demande.";
gomme-de-guar;"La gomme de guar (E412) est obtenue à partir de l'endosperme des graines de guar, légumineuse cultivée principalement en Inde. Elle développe une forte viscosité à froid, à très faible dose.

En alimentation, elle épaissit et stabilise sauces, soupes, boissons, produits laitiers, glaces, plats préparés et pâtes de boulangerie. Dans l'industrie, elle est utilisée comme agent texturant et liant dans les papiers et cartons, le textile, les peintures et encres, les cosmétiques, le bâtiment et les absorbants biosourcés.

Adivec fournit la gomme de guar aux industriels de l'agroalimentaire et de l'industrie. Conditionnement : sacs de 25 kg. Fiche technique et échantillon disponibles sur demande.";
gomme-adragante;"La gomme adragante (E413) est un exsudat séché d'arbustes du genre Astragalus, originaires du Moyen-Orient. Elle donne des solutions très visqueuses et résiste bien aux milieux acides.

Elle est traditionnellement utilisée en confiserie et pâtisserie (pâte à sucre, décors, pastillage) et comme épaississant et stabilisant dans les sauces, émulsions, produits laitiers et plats préparés.

Adivec fournit la gomme adragante aux industriels de l'agroalimentaire. Conditionnement : sacs de 25 kg. Fiche technique et échantillon disponibles sur demande.";
gomme-arabique;"La gomme arabique (E414), ou gomme d'acacia, est un exsudat naturel d'acacias d'Afrique subsaharienne. Très soluble et peu visqueuse, c'est un excellent émulsifiant et agent filmogène.

Elle stabilise les émulsions d'arômes dans les boissons, sert d'agent d'enrobage et de brillance en confiserie et en drageification, et apporte des fibres solubles dans les produits de nutrition, de boulangerie et de snacking.

Adivec fournit la gomme arabique aux industriels de l'agroalimentaire. Conditionnement : sacs de 25 kg. Fiche technique et échantillon disponibles sur demande.";
gomme-de-xanthane;"La gomme de xanthane (E415) est produite par fermentation de sucres par la bactérie Xanthomonas campestris. Elle développe une viscosité élevée, stable à la chaleur, aux variations de pH et au cisaillement.

En alimentation, elle stabilise sauces, vinaigrettes, soupes, produits laitiers, plats préparés et pâtes sans gluten. En technique, elle épaissit et met en suspension les peintures, encres, cosmétiques, produits du bâtiment et formulations textiles.

Adivec fournit la gomme de xanthane aux industriels de l'agroalimentaire et de l'industrie. Conditionnement : sacs de 25 kg. Fiche technique et échantillon disponibles sur demande.";
gomme-tara;"La gomme tara (E417) est extraite de l'endosperme des graines de l'arbre Caesalpinia spinosa, cultivé au Pérou. Ses propriétés se situent entre celles de la gomme de guar et de la farine de caroube.

Elle épaissit et stabilise les desserts lactés, glaces, sauces, soupes et plats préparés, et améliore la texture des produits de boulangerie et de nutrition. Elle est appréciée pour sa synergie avec les carraghénanes et le xanthane.

Adivec fournit la gomme tara aux industriels de l'agroalimentaire. Conditionnement : sacs de 25 kg. Fiche technique et échantillon disponibles sur demande.";
gomme-gellane;"La gomme gellane (E418) est produite par fermentation par la bactérie Sphingomonas elodea. Elle forme, à très faible dose, des gels clairs et nets ou des fluides capables de maintenir des particules en suspension.

Elle est utilisée dans les boissons (suspension de pulpe, de cacao ou de minéraux), les desserts lactés, les nappages, les confiseries gélifiées et les fourrages de pâtisserie résistants à la cuisson.

Adivec fournit la gomme gellane aux industriels de l'agroalimentaire. Conditionnement : sacs de 25 kg. Fiche technique et échantillon disponibles sur demande.";
konjac;"La gomme de konjac (E425) est extraite du tubercule d'Amorphophallus konjac. Riche en glucomannane, elle possède un pouvoir épaississant et gélifiant très élevé.

Elle forme des gels élastiques et thermostables utilisés dans les analogues de viande et de fromage, les confiseries gélifiées, les nouilles et produits asiatiques, les sauces et plats préparés. Elle agit en synergie avec le xanthane et le carraghénane.

Adivec fournit le konjac aux industriels de l'agroalimentaire. Conditionnement : sacs de 25 kg. Fiche technique et échantillon disponibles sur demande.";
pectine;"La pectine (E440) est un gélifiant naturel extrait des écorces d'agrumes ou du marc de pomme. Les pectines hautement méthylées gélifient en présence de sucre et d'acide, les pectines faiblement méthylées en présence de calcium.

Elle est indispensable aux confitures, gelées et préparations de fruits, et entre dans les confiseries gélifiées, nappages de pâtisserie, produits laitiers, boissons et compléments alimentaires.

Adivec fournit la pectine aux industriels de l'agroalimentaire. Conditionnement : sacs de 25 kg. Fiche technique et échantillon disponibles sur demande.";
gomme-de-cassia;"La gomme de cassia (E427) est obtenue à partir de l'endosperme des graines de Cassia tora. C'est un galactomannane qui agit surtout en synergie avec d'autres hydrocolloïdes.

Associée au carraghénane ou au xanthane, elle renforce les gels et la texture des produits laitiers, sauces, soupes, plats préparés et boissons. Son usage en alimentation humaine est encadré par la réglementation (catégories autorisées).

Adivec fournit la gomme de cassia aux industriels de l'agroalimentaire. Conditionnement : sacs de 25 kg. Fiche technique et échantillon disponibles sur demande.";
amidon-de-feverole-bio;"L'amidon de fèverole bio est extrait de la graine de féverole (Vicia faba), légumineuse cultivée en Europe. Certifié issu de l'agriculture biologique, il permet de formuler des produits revendiquant le logo AB / Eurofeuille.

Riche en amylose, il forme des gels fermes et apporte texture et tenue aux analogues de viande et de fromage, sauces, soupes, plats préparés, desserts, produits de boulangerie et snacks. C'est une alternative bio sans allergène majeur aux amidons de maïs et de blé.

Adivec fournit l'amidon de fèverole bio aux industriels de l'agroalimentaire. Conditionnement : sacs de 25 kg. Fiche technique et échantillon disponibles sur demande.";
proteine-de-feverole-bio;"La protéine de fèverole bio est issue de la graine de Vicia faba. Certifiée issue de l'agriculture biologique, elle permet de formuler des produits revendiquant le logo AB / Eurofeuille.

Elle apporte enrichissement protéique, émulsion et foisonnement aux analogues de viande et de fromage, boissons et desserts végétaux, produits de boulangerie et produits de nutrition, dans des recettes à étiquette courte.

Adivec fournit la protéine de fèverole bio aux industriels de l'agroalimentaire. Conditionnement : sacs de 25 kg. Fiche technique et échantillon disponibles sur demande.";
gomme-tara-bio;"La gomme tara bio (E417) est extraite des graines de Caesalpinia spinosa. Certifiée issue de l'agriculture biologique, elle permet de formuler des produits revendiquant le logo AB / Eurofeuille.

Elle épaissit et stabilise les desserts lactés et végétaux, glaces, sauces, soupes, plats préparés et produits de boulangerie bio, seule ou en synergie avec d'autres hydrocolloïdes.

Adivec fournit la gomme tara bio aux industriels de l'agroalimentaire. Conditionnement : sacs de 25 kg. Fiche technique et échantillon disponibles sur demande.";
flocons-de-pomme-de-terre-bio;"Les flocons de pomme de terre bio sont obtenus par cuisson et séchage sur cylindres de pommes de terre issues de l'agriculture biologique. Certifiés issus de l'agriculture biologique, ils permettent de formuler des produits revendiquant le logo AB / Eurofeuille.

Ils servent de base aux purées prêtes à l'emploi et aux plats préparés bio, et de liant ou d'agent de texture dans les soupes, sauces, snacks et produits de boulangerie.

Adivec fournit les flocons de pomme de terre bio aux industriels de l'agroalimentaire. Conditionnement : sacs de 25 kg. Fiche technique et échantillon disponibles sur demande.";
lecithine-de-soja-bio;"La lécithine de soja bio (E322) est extraite d'huile de soja issue de l'agriculture biologique, donc non OGM. Certifiée issue de l'agriculture biologique, elle permet de formuler des produits revendiquant le logo AB / Eurofeuille.

Elle émulsionne et stabilise le chocolat, la confiserie, les pâtes de boulangerie et viennoiserie, les produits laitiers, les plats préparés et les compléments alimentaires bio.

Adivec fournit la lécithine de soja bio aux industriels de l'agroalimentaire. Conditionnement : IBC de 1 000 kg, fûts de 200 kg, cartons de 20 kg. Fiche technique et échantillon disponibles sur demande.";
lecithine-de-tournesol-bio;"La lécithine de tournesol bio (E322) est extraite d'huile de tournesol issue de l'agriculture biologique. Sans allergène majeur, elle est certifiée bio et permet de formuler des produits revendiquant le logo AB / Eurofeuille.

Elle remplace la lécithine de soja dans le chocolat, la confiserie, la boulangerie-viennoiserie, les produits laitiers, les plats préparés et les compléments alimentaires bio.

Adivec fournit la lécithine de tournesol bio aux industriels de l'agroalimentaire. Conditionnement : IBC de 1 000 kg, fûts de 200 kg. Fiche technique et échantillon disponibles sur demande.";
agar-agar-bio;"L'agar-agar bio (E406) est un gélifiant extrait d'algues rouges, certifié pour l'agriculture biologique. Il forme des gels fermes et thermostables à très faible dose.

Il remplace la gélatine dans les desserts lactés et végétaux, nappages, fourrages de pâtisserie, confiseries gélifiées et compléments alimentaires bio.

Adivec fournit l'agar-agar bio aux industriels de l'agroalimentaire. Conditionnement : sacs de 25 kg. Fiche technique et échantillon disponibles sur demande.";
farine-de-graine-de-caroube-bio;"La farine de graine de caroube bio (E410) est obtenue à partir de l'endosperme des graines de caroubier issues de l'agriculture biologique. Certifiée issue de l'agriculture biologique, elle permet de formuler des produits revendiquant le logo AB / Eurofeuille.

Elle épaissit et stabilise les glaces, desserts lactés et végétaux, sauces, soupes, garnitures, confiseries et produits de nutrition bio, notamment en synergie avec le xanthane.

Adivec fournit la farine de graine de caroube bio aux industriels de l'agroalimentaire. Conditionnement : sacs de 25 kg. Fiche technique et échantillon disponibles sur demande.";
gomme-de-guar-bio;"La gomme de guar bio (E412) est obtenue à partir des graines de guar issues de l'agriculture biologique. Certifiée issue de l'agriculture biologique, elle permet de formuler des produits revendiquant le logo AB / Eurofeuille.

Elle épaissit à froid et stabilise les sauces, soupes, boissons, produits laitiers, plats préparés et pâtes de boulangerie bio, à très faible dose.

Adivec fournit la gomme de guar bio aux industriels de l'agroalimentaire. Conditionnement : sacs de 25 kg. Fiche technique et échantillon disponibles sur demande.";
konjac-bio;"La gomme de konjac bio (E425) est extraite du tubercule d'Amorphophallus konjac issu de l'agriculture biologique. Certifié issu de l'agriculture biologique, il permet de formuler des produits revendiquant le logo AB / Eurofeuille.

Riche en glucomannane, elle forme des gels élastiques et thermostables utilisés dans les analogues de viande et de fromage, nouilles, confiseries, sauces et plats préparés bio.

Adivec fournit le konjac bio aux industriels de l'agroalimentaire. Conditionnement : sacs de 25 kg. Fiche technique et échantillon disponibles sur demande.";
cire-d-abeille-jaune-bio;"La cire d'abeille jaune bio (E901) provient de ruchers conduits selon le cahier des charges de l'apiculture biologique. Non blanchie, elle conserve sa couleur et son parfum naturels.

Elle est utilisée comme agent d'enrobage et de brillance en confiserie et pâtisserie bio, et dans les compléments alimentaires.

Adivec fournit la cire d'abeille jaune bio aux industriels de l'agroalimentaire. Conditionnement : cartons de 20 kg. Fiche technique et échantillon disponibles sur demande.";
cire-de-carnauba-bio;"La cire de carnauba bio (E903) est récoltée sur les feuilles du palmier Copernicia prunifera, au Brésil, et certifiée pour l'agriculture biologique. C'est la plus dure des cires naturelles.

Elle apporte une brillance durable et un effet anti-collant aux dragées, chocolats et confiseries bio, ainsi qu'aux décors de pâtisserie.

Adivec fournit la cire de carnauba bio aux industriels de l'agroalimentaire. Conditionnement : sacs de 25 kg. Fiche technique et échantillon disponibles sur demande.";
fibre-de-psyllium-bio;"La fibre de psyllium bio provient du tégument des graines de Plantago ovata issues de l'agriculture biologique. Certifiée issue de l'agriculture biologique, elle permet de formuler des produits revendiquant le logo AB / Eurofeuille.

Riche en fibres solubles, elle sert de liant dans les pains sans gluten, les produits de boulangerie, les analogues végétaux, les sauces et plats préparés, et d'ingrédient d'enrichissement en fibres en nutrition.

Adivec fournit la fibre de psyllium bio aux industriels de l'agroalimentaire. Conditionnement : sacs de 25 kg. Fiche technique et échantillon disponibles sur demande.";
aloe-vera-bio;"L'aloe vera bio est issu du gel des feuilles d'Aloe barbadensis Miller cultivé selon le cahier des charges de l'agriculture biologique.

Il est utilisé dans les boissons (jus et boissons à l'aloe vera, avec ou sans morceaux) pour son goût frais et sa texture caractéristique.

Adivec fournit l'aloe vera bio aux industriels de l'agroalimentaire. Conditionnement : fûts de 20 kg. Fiche technique et échantillon disponibles sur demande.";
graines-de-chia-bio;"Les graines de chia bio (Salvia hispanica) sont issues de l'agriculture biologique. Riches en fibres, en protéines et en oméga-3, elles forment un gel mucilagineux au contact de l'eau.

Elles enrichissent les produits de boulangerie, boissons, produits laitiers et végétaux, desserts, soupes, sauces et produits de nutrition, et peuvent remplacer l'œuf comme liant dans certaines recettes végétales.

Adivec fournit les graines de chia bio aux industriels de l'agroalimentaire. Conditionnement : sacs de 25 kg. Fiche technique et échantillon disponibles sur demande.";
sauce-soja-bio;"La sauce soja bio Kikkoman est brassée naturellement à partir de soja et de blé issus de l'agriculture biologique, d'eau et de sel. Certifiée issue de l'agriculture biologique, elle permet de formuler des produits revendiquant le logo AB / Eurofeuille.

Elle assaisonne et relève les marinades, sauces, soupes, plats préparés, produits carnés, analogues végétaux et produits de boulangerie salés bio.

Adivec fournit la sauce soja bio de la marque Kikkoman aux industriels de l'agroalimentaire. Conditionnement : IBC de 1 000 kg. Fiche technique et échantillon disponibles sur demande.";
amidon-natif-de-pomme-de-terre-bio;"L'amidon natif de pomme de terre bio (fécule bio) est extrait par procédé physique de pommes de terre issues de l'agriculture biologique. Certifié issu de l'agriculture biologique, il permet de formuler des produits revendiquant le logo AB / Eurofeuille.

Il épaissit sauces et soupes, lie les produits carnés et les analogues végétaux, et entre dans les produits de boulangerie, les desserts, les plats préparés et les snacks bio à étiquette courte.

Adivec fournit l'amidon natif de pomme de terre bio aux industriels de l'agroalimentaire. Conditionnement : sacs de 25 kg, vrac jusqu'à 25 t. Fiche technique et échantillon disponibles sur demande.";
amidon-de-pois-bio;"L'amidon de pois bio est extrait du pois jaune issu de l'agriculture biologique. Certifié issu de l'agriculture biologique, il permet de formuler des produits revendiquant le logo AB / Eurofeuille.

Riche en amylose, il forme des gels fermes et nets, utiles pour les analogues de viande et de fromage, les sauces, soupes, plats préparés, produits carnés, desserts et snacks bio.

Adivec fournit l'amidon de pois bio aux industriels de l'agroalimentaire. Conditionnement : sacs de 25 kg, big bags de 1 000 kg. Fiche technique et échantillon disponibles sur demande.";
proteine-de-pois-bio;"La protéine de pois bio est extraite de pois jaunes issus de l'agriculture biologique. Certifiée issue de l'agriculture biologique, elle permet de formuler des produits revendiquant le logo AB / Eurofeuille.

Elle enrichit en protéines végétales les analogues de viande et de fromage, boissons et desserts végétaux, produits de boulangerie et produits de nutrition bio, avec de bonnes propriétés émulsifiantes.

Adivec fournit la protéine de pois bio aux industriels de l'agroalimentaire. Conditionnement : sacs de 20 kg, sacs de 15 kg. Fiche technique et échantillon disponibles sur demande.";
flocons-de-pomme-de-terre;"Les flocons de pomme de terre sont obtenus par cuisson, écrasement puis séchage sur cylindres de pommes de terre sélectionnées. Ils se réhydratent instantanément pour donner une purée.

Ils servent de base aux purées prêtes à l'emploi, aux plats préparés et aux snacks, et de liant ou d'agent de texture dans les soupes, sauces, produits de boulangerie et préparations clean label (croquettes, gnocchis, galettes).

Distributeur exclusif d'Emsland Group en France, Adivec fournit les flocons de pomme de terre aux industriels de l'agroalimentaire. Conditionnement : sacs de 25 kg, big bags de 1 000 kg. Fiche technique et échantillon disponibles sur demande.";
granules-de-pomme-de-terre;"Les granules de pomme de terre sont des pommes de terre cuites, déshydratées et granulées. Elles conservent la structure cellulaire de la pomme de terre, ce qui donne une purée à la texture proche du fait maison.

Elles sont utilisées pour les purées prêtes à l'emploi, les plats préparés et les snacks extrudés ou reconstitués (chips, croquettes).

Distributeur exclusif d'Emsland Group en France, Adivec fournit les granules de pomme de terre aux industriels de l'agroalimentaire. Conditionnement : sacs de 25 kg, big bags de 1 000 kg. Fiche technique et échantillon disponibles sur demande.";
proteine-de-ble;"La protéine de blé, ou gluten vital, est extraite de la farine de blé par lavage. Elle concentre les protéines du blé et forme, une fois hydratée, un réseau élastique et extensible.

En boulangerie et viennoiserie, elle renforce les farines faibles, améliore le volume et la tenue des pâtes. Elle sert aussi de base texturante aux analogues de viande (seitan, produits structurés) et aux plats préparés. Contient du gluten.

Adivec fournit la protéine de blé, en partenariat avec Jackering, aux industriels de l'agroalimentaire. Conditionnement : sacs de 25 kg, vrac jusqu'à 25 t. Fiche technique et échantillon disponibles sur demande.";
isolat-de-proteine-de-pois;"L'isolat de protéine de pois est extrait du pois jaune par voie humide. Très concentré en protéines, il est d'origine végétale et sans allergène majeur.

Il apporte émulsion, gélification et enrichissement protéique aux analogues de viande et de fromage, aux boissons et desserts végétaux, aux produits de boulangerie et de nutrition sportive ou clinique, dans des formulations clean label.

Distributeur exclusif d'Emsland Group en France, Adivec fournit l'isolat de protéine de pois aux industriels de l'agroalimentaire. Conditionnement : sacs de 20 kg, sacs de 15 kg. Fiche technique et échantillon disponibles sur demande.";
spiruline;"La spiruline est une micro-algue (Arthrospira platensis) séchée et réduite en poudre. Naturellement riche en protéines, en fer et en phycocyanine, elle présente une couleur vert-bleu intense.

Elle enrichit en protéines les produits de nutrition, boissons, produits laitiers, pâtes, produits de boulangerie, soupes et sauces, et sert également d'ingrédient colorant d'origine naturelle.

Adivec fournit la spiruline aux industriels de l'agroalimentaire. Conditionnement : sacs de 25 kg. Fiche technique et échantillon disponibles sur demande.";
concentrat-de-proteine-de-pois;"Le concentrat de protéine de pois est obtenu par séparation à sec du pois jaune. Moins concentré qu'un isolat, il conserve une partie de l'amidon et des fibres du pois.

C'est une source économique de protéines végétales pour les analogues de viande et de fromage, les produits de boulangerie, les boissons et desserts végétaux et les produits de nutrition clean label.

Adivec fournit le concentrat de protéine de pois aux industriels de l'agroalimentaire. Conditionnement : sacs de 25 kg. Fiche technique et échantillon disponibles sur demande.";
concentrat-de-proteine-de-feve;"Le concentrat de protéine de fève (féverole) est obtenu par séparation à sec de la graine de Vicia faba. C'est une protéine végétale issue d'une légumineuse cultivée en Europe.

Il enrichit en protéines les analogues de viande et de fromage, les produits de boulangerie, les boissons et desserts végétaux et les produits de nutrition, avec des propriétés émulsifiantes et moussantes intéressantes.

Adivec fournit le concentrat de protéine de fève aux industriels de l'agroalimentaire. Conditionnement : sacs de 25 kg. Fiche technique et échantillon disponibles sur demande.";
sauce-soja-standard-deshydratee;"La sauce soja standard déshydratée est une sauce soja Kikkoman brassée naturellement, séchée sous forme de poudre. Elle conserve l'arôme et la richesse en umami de la sauce liquide.

Sous forme sèche, elle s'intègre facilement aux assaisonnements, marinades sèches, enrobages de snacks, soupes et sauces déshydratées, plats préparés, produits carnés, analogues végétaux et produits de boulangerie salés. Elle relève le goût et permet de réduire l'ajout de sel ou d'exhausteurs.

Adivec fournit la sauce soja standard déshydratée de la marque Kikkoman aux industriels de l'agroalimentaire. Conditionnement : sacs de 25 kg. Fiche technique et échantillon disponibles sur demande.";
sauce-soja-umami-eleve-deshydratee;"La sauce soja Umami élevé déshydratée est une sauce soja Kikkoman en poudre, à teneur renforcée en composés umami. Elle apporte une sensation de rondeur et de « goût de revenez-y » plus marquée que la sauce standard.

Elle est destinée aux assaisonnements, soupes, sauces, plats préparés, produits carnés et analogues de viande, pour renforcer le goût sans recourir aux exhausteurs ajoutés et contribuer à la réduction du sel.

Adivec fournit la sauce soja Umami élevé déshydratée de la marque Kikkoman aux industriels de l'agroalimentaire. Conditionnement : sacs de 25 kg. Fiche technique et échantillon disponibles sur demande.";
sauce-soja-umami-faible;"La sauce soja Umami faible est une sauce soja Kikkoman déshydratée au profil aromatique plus doux et discret en umami.

Elle convient aux recettes où la sauce soja doit rester en arrière-plan : assaisonnements, soupes, sauces, plats préparés, produits carnés, analogues végétaux et produits de boulangerie salés.

Adivec fournit la sauce soja Umami faible de la marque Kikkoman aux industriels de l'agroalimentaire. Conditionnement : sacs de 25 kg. Fiche technique et échantillon disponibles sur demande.";
sauce-soja-a-teneur-reduite-en-sel;"La sauce soja à teneur réduite en sel est une sauce soja Kikkoman brassée naturellement, présentée sous forme déshydratée, dont la teneur en sel est réduite par rapport à la sauce standard.

Elle permet de conserver le goût et l'umami de la sauce soja dans les assaisonnements, soupes, sauces, plats préparés, produits carnés et analogues végétaux, tout en répondant aux objectifs de réduction du sel.

Adivec fournit la sauce soja à teneur réduite en sel de la marque Kikkoman aux industriels de l'agroalimentaire. Conditionnement : sacs de 25 kg. Fiche technique et échantillon disponibles sur demande.";
sauce-soja-sans-gluten-tamari-deshydratee;"La sauce soja Tamari déshydratée est une sauce soja Kikkoman sans gluten, brassée sans blé, puis séchée en poudre. Elle présente un goût riche et légèrement plus intense que la sauce soja classique.

Elle est destinée aux assaisonnements, soupes, sauces, plats préparés, produits carnés et analogues végétaux revendiquant l'absence de gluten.

Adivec fournit la sauce soja sans gluten (Tamari) déshydratée de la marque Kikkoman aux industriels de l'agroalimentaire. Conditionnement : sacs de 25 kg. Fiche technique et échantillon disponibles sur demande.";
exhausteur-de-gout-sauce-soja-sans-soja;"L'exhausteur de goût sauce soja sans soja est un assaisonnement Kikkoman qui reproduit le profil aromatique et l'umami d'une sauce soja, sans contenir de soja.

Il permet d'apporter la note « sauce soja » aux plats préparés, produits carnés, analogues végétaux et produits de boulangerie salés tout en évitant de déclarer l'allergène soja.

Adivec fournit l'exhausteur de goût sauce soja (sans soja) de la marque Kikkoman aux industriels de l'agroalimentaire. Conditionnement : sacs de 20 kg. Fiche technique et échantillon disponibles sur demande.";
sauce-soja-standard;"La sauce soja standard Kikkoman est brassée naturellement à partir de soja, de blé, d'eau et de sel, puis affinée plusieurs mois. Elle offre un arôme complexe et une couleur brun-rouge caractéristiques.

Elle sert d'assaisonnement et d'exhausteur de goût naturel dans les marinades, sauces, soupes, plats préparés, produits carnés et analogues végétaux. Son umami permet souvent de réduire le sel ajouté dans les recettes.

Adivec fournit la sauce soja standard de la marque Kikkoman aux industriels de l'agroalimentaire. Conditionnement : IBC de 1 000 kg, fûts de 200 kg. Fiche technique et échantillon disponibles sur demande.";
sauce-soja-taux-de-sel-reduit;"La sauce soja à taux de sel réduit Kikkoman est brassée naturellement comme la sauce standard, puis une partie du sel est retirée après fermentation. Elle conserve le goût et l'umami de la sauce soja.

Elle est destinée aux marinades, sauces, soupes, plats préparés, produits carnés et analogues végétaux soumis à des objectifs de réduction du sel.

Adivec fournit la sauce soja taux de sel réduit de la marque Kikkoman aux industriels de l'agroalimentaire. Conditionnement : IBC de 1 000 kg, fûts de 200 kg. Fiche technique et échantillon disponibles sur demande.";
sauce-soja-sucree;"La sauce soja sucrée Kikkoman est une sauce soja épaisse et sucrée, inspirée de la cuisine d'Asie du Sud-Est, au goût rond et caramélisé.

Elle s'utilise pour laquer, mariner et napper les viandes, les plats préparés, les sauces et les analogues végétaux, et apporte couleur et brillance à la cuisson.

Adivec fournit la sauce soja sucrée de la marque Kikkoman aux industriels de l'agroalimentaire. Conditionnement : IBC de 900 kg, fûts de 200 kg. Fiche technique et échantillon disponibles sur demande.";
sauce-soja-sans-gluten-tamari;"La sauce soja Tamari Kikkoman est brassée naturellement sans blé, ce qui en fait une sauce soja sans gluten. Elle présente un goût riche et une couleur soutenue.

Elle convient aux marinades, sauces, soupes, plats préparés, produits carnés et analogues végétaux revendiquant l'absence de gluten.

Adivec fournit la sauce soja sans gluten (Tamari) de la marque Kikkoman aux industriels de l'agroalimentaire. Conditionnement : IBC de 1 000 kg, fûts de 200 kg. Fiche technique et échantillon disponibles sur demande.";
sauce-soja-umami-eleve;"La sauce soja Umami élevé Kikkoman est une sauce soja brassée naturellement, à teneur renforcée en composés umami, qui apporte rondeur et profondeur de goût.

Elle permet de renforcer la saveur des sauces, soupes, marinades, plats préparés, produits carnés et analogues végétaux, et de réduire le recours au sel et aux exhausteurs de goût ajoutés.

Adivec fournit la sauce soja Umami élevé de la marque Kikkoman aux industriels de l'agroalimentaire. Conditionnement : IBC de 1 000 kg, fûts de 200 kg. Fiche technique et échantillon disponibles sur demande.";
marinade-teriyaki;"La marinade Teriyaki Kikkoman associe sauce soja brassée naturellement, sucre et assaisonnements dans une préparation prête à l'emploi au goût sucré-salé typique de la cuisine japonaise.

Elle sert à mariner, glacer et napper les viandes, volailles, poissons et plats préparés, et à élaborer des sauces et soupes d'inspiration asiatique.

Adivec fournit la marinade Teriyaki de la marque Kikkoman aux industriels de l'agroalimentaire. Conditionnement : IBC de 900 kg, fûts de 200 kg. Fiche technique et échantillon disponibles sur demande.";
sauce-soja-agrumes-ponzu-citrus;"La sauce Ponzu Citrus Kikkoman associe sauce soja brassée naturellement et jus d'agrumes. Elle offre un profil frais, légèrement acidulé, typique de la cuisine japonaise.

Elle est utilisée pour assaisonner et mariner viandes, poissons et légumes, dans les plats préparés, les sauces et les analogues végétaux.

Adivec fournit la sauce soja agrumes (Ponzu Citrus) de la marque Kikkoman aux industriels de l'agroalimentaire. Conditionnement : IBC de 1 000 kg, fûts de 200 kg. Fiche technique et échantillon disponibles sur demande.";
amidons-a-cuire;"Les amidons à cuire sont des amidons modifiés destinés à être empesés par cuisson (en continu ou en batch) directement chez l'utilisateur industriel.

Ils sont utilisés pour le collage du carton ondulé, la fabrication de colles et adhésifs et le traitement des papiers et cartons (collage en surface, couchage), où ils apportent force de liaison et propriétés filmogènes.

Distributeur exclusif d'Emsland Group en France, Adivec fournit les amidons à cuire aux industriels. Fiche technique et échantillon disponibles sur demande.";
amidons-liquides;"Les amidons liquides sont des solutions d'amidon prêtes à l'emploi, livrées sous forme fluide. Elles évitent l'étape de cuisson et de préparation chez l'utilisateur.

Ils sont utilisés dans la fabrication des papiers et cartons, des colles et adhésifs et en ennoblissement textile, avec un dosage simple et une mise en œuvre directe dans les procédés.

Distributeur exclusif d'Emsland Group en France, Adivec fournit les amidons liquides aux industriels. Fiche technique et échantillon disponibles sur demande.";
dextrine;"Les dextrines techniques sont des amidons dégradés par grillage en présence d'un catalyseur. Solubles, elles forment des solutions à forte teneur en matière sèche et à fort pouvoir collant.

Elles sont utilisées comme liant dans les colles et adhésifs (étiquetage, enveloppes, tubes), les peintures et encres, le textile et certaines formulations cosmétiques.

Distributeur exclusif d'Emsland Group en France, Adivec fournit la dextrine aux industriels. Conditionnement : sacs de 25 kg. Fiche technique et échantillon disponibles sur demande.";
amidons-cationiques;"Les amidons cationiques sont des amidons modifiés porteurs de charges positives, ce qui leur permet de se fixer sur les fibres et les particules chargées négativement.

En papeterie, ils sont ajoutés en partie humide pour augmenter la résistance mécanique du papier et la rétention des charges. Ils sont également utilisés dans le traitement des eaux (floculation), le textile, le bâtiment et certaines formulations cosmétiques.

Distributeur exclusif d'Emsland Group en France, Adivec fournit les amidons cationiques aux industriels. Conditionnement : sacs de 25 kg, big bags de 1 000 kg. Fiche technique et échantillon disponibles sur demande.";
amidons-oxydes;"Les amidons oxydés sont des amidons modifiés par oxydation, qui présentent une viscosité réduite, une bonne stabilité et des propriétés filmogènes.

Ils sont principalement utilisés pour le collage en surface et le couchage des papiers et cartons, dans les colles et adhésifs et dans l'encollage textile.

Adivec fournit les amidons oxydés aux industriels. Fiche technique et échantillon disponibles sur demande.";
amidons-solubles-a-froid;"Les amidons solubles à froid sont des amidons prégélatinisés qui gonflent et développent leur viscosité dans l'eau froide, sans cuisson.

Ils sont utilisés dans les colles et adhésifs prêts à mélanger (colles à papier peint, adhésifs en poudre) et dans les produits du bâtiment (enduits, mortiers, plâtres) comme agent de rétention d'eau et de maniabilité.

Distributeur exclusif d'Emsland Group en France, Adivec fournit les amidons solubles à froid aux industriels. Conditionnement : sacs de 25 kg. Fiche technique et échantillon disponibles sur demande.";
amidons-modifies-de-tapioca;"Les amidons modifiés de tapioca sont issus de la racine de manioc. Leur faible teneur en résidus et leur texture lisse en font une base appréciée en applications techniques.

Ils sont utilisés en papeterie, en textile et dans les formulations cosmétiques (poudres, émulsions) pour leurs propriétés de texture, de toucher et de film.

Distributeur exclusif d'Emsland Group en France, Adivec fournit les amidons modifiés de tapioca aux industriels. Conditionnement : sacs de 25 kg. Fiche technique et échantillon disponibles sur demande.";
amidons-natifs-de-pomme-de-terre;"Les amidons natifs de pomme de terre à usage technique sont des fécules non modifiées, caractérisées par une forte viscosité et une grande pureté.

Ils sont utilisés dans la fabrication des papiers et cartons, des colles et adhésifs et dans certaines formulations cosmétiques, et servent de matière première pour la production d'amidons modifiés.

Adivec fournit les amidons natifs de pomme de terre, en partenariat avec Duynie, aux industriels. Conditionnement : sacs de 25 kg, vrac jusqu'à 25 t, big bags de 1 000 kg. Fiche technique et échantillon disponibles sur demande.";
amidons-natifs-de-pois;"Les amidons natifs de pois à usage technique sont extraits du pois jaune. Riches en amylose, ils forment des films et des gels résistants.

Ils sont utilisés dans les colles et adhésifs ainsi que dans la fabrication des papiers et cartons, en alternative ou en complément des amidons de maïs et de pomme de terre.

Distributeur exclusif d'Emsland Group en France, Adivec fournit les amidons natifs de pois aux industriels. Conditionnement : sacs de 25 kg, big bags de 1 000 kg. Fiche technique et échantillon disponibles sur demande.";
amidons-natifs-de-mais;"Les amidons natifs de maïs à usage technique sont des amidons non modifiés extraits du grain de maïs par voie humide.

Ils sont utilisés pour le collage du carton ondulé, la fabrication de colles et adhésifs et le traitement des papiers et cartons.

Adivec fournit les amidons natifs de maïs aux industriels. Conditionnement : sacs de 25 kg. Fiche technique et échantillon disponibles sur demande.";
gomme-laque-shellac;"La gomme laque technique est une résine naturelle sécrétée par la cochenille Kerria lacca, purifiée et présentée en écailles. Soluble dans l'alcool, elle forme un film dur et brillant.

Elle est utilisée dans les vernis et finitions pour le bois (vernis au tampon), les peintures et encres, les colles et adhésifs et certains produits du bâtiment, comme liant filmogène et isolant.

Adivec fournit la gomme laque (shellac) aux industriels. Conditionnement : sacs de 25 kg. Fiche technique et échantillon disponibles sur demande.";
ambre;"L'ambre proposé par Adivec est une matière première naturelle utilisée en parfumerie pour ses notes chaudes, résineuses et balsamiques.

Elle entre dans la composition de parfums, bougies et produits cosmétiques comme note de fond et fixateur.

Adivec fournit l'ambre aux industriels. Conditionnement : sacs de 25 kg. Fiche technique et échantillon disponibles sur demande.";
asafoetida;"L'asafoetida est une gomme-résine obtenue à partir de la racine de plantes du genre Ferula, originaires d'Iran et d'Afghanistan. Elle possède une odeur puissante et soufrée.

En usage technique, elle est employée en parfumerie et en cosmétique sous forme de résinoïde ou d'extrait, à très faible dose, pour des notes animales et épicées.

Adivec fournit l'asafoetida aux industriels. Conditionnement : sacs de 25 kg. Fiche technique et échantillon disponibles sur demande.";
benjoin;"Le benjoin est une résine balsamique récoltée sur des arbres du genre Styrax en Asie du Sud-Est (benjoin de Siam, de Sumatra). Il présente une odeur douce, vanillée et balsamique.

Il est utilisé en parfumerie et en cosmétique comme note de fond et fixateur, ainsi que dans les vernis et finitions traditionnelles pour le bois.

Adivec fournit le benjoin aux industriels. Conditionnement : sacs de 25 kg. Fiche technique et échantillon disponibles sur demande.";
colophane;"La colophane est la résine solide obtenue après distillation de la gemme de pin (oléorésine), une fois la térébenthine séparée. Elle se présente en morceaux ou en écailles translucides, du jaune au brun.

Elle est utilisée comme résine tackifiante dans les colles et adhésifs (thermofusibles notamment), dans les encres et peintures, les vernis et traitements du bois, et dans certaines formulations cosmétiques.

Adivec fournit la colophane aux industriels. Conditionnement : sacs de 25 kg. Fiche technique et échantillon disponibles sur demande.";
alpha-amylase;"L'alpha amylase est une enzyme qui hydrolyse les chaînes d'amidon pour en abaisser la viscosité de façon contrôlée.

En papeterie, elle permet de convertir sur site l'amidon natif en amidon de faible viscosité pour le collage en surface et le couchage des papiers et cartons, en alternative aux amidons modifiés achetés prêts à l'emploi.

Adivec fournit l'alpha amylase aux industriels. Fiche technique et échantillon disponibles sur demande.";
aloe-vera;"L'aloe vera à usage cosmétique est issu du gel des feuilles d'Aloe barbadensis Miller, connu pour ses propriétés hydratantes et apaisantes.

Il entre dans la formulation de crèmes, gels, lotions, soins capillaires et produits d'hygiène.

Adivec fournit l'aloe vera aux industriels. Conditionnement : sacs de 25 kg. Fiche technique et échantillon disponibles sur demande.";
camphre;"Le camphre est un composé aromatique à l'odeur fraîche et pénétrante, d'origine naturelle (bois de Cinnamomum camphora) ou synthétique, présenté en cristaux ou en tablettes.

Il est utilisé en cosmétique et en parfumerie (baumes, produits rafraîchissants, soins) ainsi que pour ses propriétés répulsives.

Adivec fournit le camphre aux industriels. Conditionnement : sacs de 25 kg. Fiche technique et échantillon disponibles sur demande.";
cmc;"La carboxyméthylcellulose (CMC) est un dérivé de la cellulose, soluble dans l'eau, qui épaissit, stabilise et retient l'eau.

Elle est utilisée en papeterie (couchage), dans les peintures et encres, le textile (encollage, impression), les cosmétiques et produits d'hygiène, les absorbants biosourcés et la nutrition, comme épaississant et agent de rétention d'eau.

Adivec fournit la CMC (carboxyméthylcellulose) aux industriels. Conditionnement : sacs de 25 kg. Fiche technique et échantillon disponibles sur demande.";
tanin;"Les tanins sont des polyphénols d'origine végétale extraits d'écorces, de bois ou de fruits (chêne, châtaignier, quebracho, tara…). Ils se lient aux protéines et aux fibres.

Ils sont utilisés pour le traitement et la teinte du bois, comme mordant et agent de fixation en textile, en cosmétique et dans certaines applications de nutrition.

Adivec fournit le tanin aux industriels. Conditionnement : sacs de 25 kg. Fiche technique et échantillon disponibles sur demande.";
